WKI,
EIBG Staff ID ,Dates
5916 BUSATO Laura,20/05/2021
3886 CONDE Cristina,20/05/2021
1788 BLATT Sanja,20/05/2021
1578 FABBRO Dino,20/05/2021
3541 BRAMER Jan-Willem,20/05/2021
7576 POP Paula,20/05/2021
2196 GUTIERREZ BLAZQUEZ Felipe,20/05/2021
6165 LAMBRI Jacopo,20/05/2021
7838 LANDRY Sophie,20/05/2021
2866 PEIGNOIS-MERT Cindy,20/05/2021
1538 MERT Thomas,20/05/2021
N12686 SANDBRINK ANNICK,20/05/2021
7722 MOHRMANN Anna Lena,20/05/2021
6458 VALIENTE ECHEZARRETA Ester,20/05/2021
N11153 GALVAN Remi,20/05/2021
7663 BOSCHETTI Marco,20/05/2021
7928 ANGONIN Mathias,20/05/2021
1866 LAMARQ Eric,20/05/2021
7795 RAFINESQUE Marie Charlotte,20/05/2021
3604 CAO THI BICH,20/05/2021
N11795 MAHMOUD YOUSSIEF,20/05/2021
5873 DEVOGELAER Ruben,20/05/2021
5039 AVANZI Emmanuela,20/05/2021
6353 MONTANARI LEA,20/05/2021
7101 DU BOYS Isaure,20/05/2021
7882 GANTENBEIN Johannes,20/05/2021
5153 KALTSONIS Thomas,20/05/2021
5248 MANGUZZI Davide,20/05/2021
6216 GIURGIU Mihai,20/05/2021
N5041 FLORENTIN Sabina,20/05/2021
KARPISKOVA Iva,20/05/2021
3684 PORIGNAUX Sophie,20/05/2021
6930 ULKER Murat,20/05/2021
2014 THUNIS Fran�oise,20/05/2021
6906 BARQUIN Fermin,20/05/2021
2003 SGRO Lara,20/05/2021
2764 SUNDERMANN Karsten,20/05/2021
3498 GRASA ARIAS Jorge,20/05/2021
3785 ZHANG Yu,20/05/2021
6621 DINUTE Gerda,20/05/2021
1893 MAUFFREY Ga�lle,20/05/2021
1986 BENITA MALAVE Juan,20/05/2021
3216 VAN GROENEWOUD Hans,20/05/2021
5049 MARTIN SANCHEZ Enrique,20/05/2021
6878 DA SILVA DE OLIVEIRA FIDALGO Antonio,20/05/2021
7109 CHIKHI Nadia,20/05/2021
2956 NAVRATILOVA Barbora,20/05/2021
2705 BLANCO ANTELA Juan Carlos,20/05/2021
7190 LENG Malina,20/05/2021
7077 BARBETTA Gianpaolo,20/05/2021
6181 PERRER Fabien,20/05/2021
5462 STROEHLE Robert,20/05/2021
5278 PADOVANI Giovanni,20/05/2021
